--**********************************************************************************
                             --WF预制测试数据
--**********************************************************************************
---预置岗位wfPosition
DELETE FROM gspposition WHERE id='wfPosition';
INSERT INTO gspposition ("id", "code", "name_chs", "sysinit", "postype", "posgroup", "note", "creator", "createdtime", "lastmodifier", "lastmodifiedtime") VALUES ('wfPosition', 'wfPosition', '工作流预置岗', '0','0', 'manager', NULL, 'admin', '2018-05-08 07:14:37.576263', NULL, NULL);
DELETE FROM gspuserpos where positionid = 'wfPosition';
INSERT INTO gspuserpos VALUES ('2018083001', 'caoguiyuan', 'wfPosition', 'lizhichao', '2018-8-21 09:01:23', 'lizhichao', '2018-8-21 09:01:33');
INSERT INTO gspuserpos VALUES ('2018083002', 'lizhichao', 'wfPosition', 'lizhichao', '2018-8-21 09:01:23', 'lizhichao', '2018-8-21 09:01:33');
INSERT INTO gspuserpos VALUES ('2018083003', 'wangjiazhao', 'wfPosition', 'lizhichao', '2018-8-21 09:01:23', 'lizhichao', '2018-8-21 09:01:33');

---清空gspwfreprocdef
DELETE FROM gspwfreprocdef;
---清空gspwfgebytearray
DELETE FROM gspwfgebytearray;
---单节点手工活动流程_无表达式：SimpleProcess
INSERT INTO "gspwfreprocdef" ("id", "targetnamespace", "key", "version", "name", "description", "suspensionstate", "bytearrayid", "ftag", "f1", "f2", "f3", "f4", "f5", "f6", "f7", "f8", "f9", "f10", "creator", "createdtime", "lastmodifier", "lastmodifiedtime") VALUES ('aefe656f-e5c1-447b-a178-56b66d500dbc', 'UnitTest_Namespace', 'SimpleProcess', 1, '单节点手工活动流程_无表达式', '流程描述', 1, 'aba163f4-0773-47fa-b4e4-dd731c4362ae', NULL, NULL, NULL, NULL, NULL, NULL, NULL, NULL, NULL, NULL, NULL, 'lizhichao', '2018-9-11 16:08:09.440703', 'lizhichao', '2018-9-11 16:08:09.440724');
INSERT INTO "gspwfgebytearray" ("id", "remark", "bytes", "ftag", "f1", "f2", "f3", "f4", "f5", "f6", "f7", "f8", "f9", "f10", "creator", "createdtime", "lastmodifier", "lastmodifiedtime") VALUES ('aba163f4-0773-47fa-b4e4-dd731c4362ae', 'BpmnModel', E'<?xml version="1.0" encoding="utf-8"?><definitions xmlns:clr="http://www.inspur.com/gsp/bpm/201608//serialize4clr" xmlns:mex="http://www.inspur.com/gsp/bpm/201608/bpmn/model/extend" xmlns:gsp="http://www.inspur.com/gsp/bpm/201608" xmlns:bpmndi="http://www.omg.org/spec/BPMN/20100524/DI" xmlns:omgdc="http://www.omg.org/spec/DD/20100524/DC" xmlns:omgdi="http://www.omg.org/spec/DD/20100524/DI" targetNamespace="UnitTest_Namespace" gsp:MetadataContentID="MetadataContentID" gsp:MetadataContentCode="MetadataContentCode" gsp:MetadataContentName="MetadataContentName" xmlns="http://www.omg.org/spec/BPMN/20100524/MODEL"><process id="_A4EY1TZ38" clr:typeId="bpmn.Process" name="\\345\\215\\225\\350\\212\\202\\347\\202\\271\\346\\211\\213\\345\\267\\245\\346\\264\\273\\345\\212\\250\\346\\265\\201\\347\\250\\213_\\346\\227\\240\\350\\241\\250\\350\\276\\276\\345\\274\\217" gsp:Key="SimpleProcess"><documentation>\\346\\265\\201\\347\\250\\213\\346\\217\\217\\350\\277\\260</documentation><dataObject id="_A4EY1TZ39" name="SPJL" clr:typeId="bpmn.DataObject"><extensionElements><mex:DataType clr:typeId="bpmn.Mex.DataType" mex:MexTag="bpmn.DataObject" Category="BasicType" BasicType="Integer"><mex:InitialValue type="bpmn.int64"><mex:Text><![CDATA[64]]></mex:Text></mex:InitialValue></mex:DataType></extensionElements></dataObject><dataObject id="_A4EY1TZ3A" name="SPYJ" clr:typeId="bpmn.DataObject"><extensionElements><mex:DataType clr:typeId="bpmn.Mex.DataType" mex:MexTag="bpmn.DataObject" Category="BasicType" BasicType="String"><mex:InitialValue type="bpmn.string"><mex:Text><![CDATA[]]></mex:Text></mex:InitialValue></mex:DataType></extensionElements></dataObject><userTask id="ManualActivity1" name="\\345\\256\\241\\346\\211\\271\\346\\264\\273\\345\\212\\250" clr:typeId="wf.ManualActivity"><extensionElements><gsp:participantScheme clr:typeId="wf.ParticipantScheme" mex:MexTag="wf.ManualActivity" gsp:Id="scheme01" gsp:Name="\\351\\273\\230\\350\\256\\244\\345\\217\\202\\344\\270\\216\\350\\200\\205\\346\\226\\271\\346\\241\\210" gsp:Performers="taoshunhang,lizhichao,wangjiazhao,caoguiyuan" gsp:ExclusionPerformers="taoshunhang" /><gsp:assignmentStrategy clr:typeId="wf.AssignmentStrategy" mex:MexTag="wf.ManualActivity" gsp:Id="ALL" gsp:Description="Expand groups and assigns work items to all group members" gsp:ExpandGroups="True" /><gsp:executeInput clr:typeId="wf.ExecuteInput" mex:MexTag="wf.ManualActivity" gsp:Id="SPJL" gsp:DisplayName="\\345\\256\\241\\346\\211\\271\\347\\273\\223\\350\\256\\272" gsp:IsNecessary="True" gsp:EnumDisplayControlType="RadioGroup"><EnumValues xmlns=""><mex:EnumValue gsp:Name="\\351\\200\\232\\350\\277\\207" gsp:Value="0" /><mex:EnumValue gsp:Name="\\344\\270\\215\\351\\200\\232\\350\\277\\207" gsp:Value="1" /></EnumValues></gsp:executeInput><gsp:executeInput clr:typeId="wf.ExecuteInput" mex:MexTag="wf.ManualActivity" gsp:Id="SPYJ" gsp:DisplayName="\\345\\256\\241\\346\\211\\271\\346\\204\\217\\350\\247\\201" gsp:IsNecessary="False" gsp:EnumDisplayControlType="Default"><EnumValues xmlns="" /></gsp:executeInput></extensionElements></userTask><startEvent id="startEvent" name="\\345\\274\\200\\345\\247\\213" clr:typeId="wf.StartActivity"><outgoing>startEvent_ManualActivity1</outgoing></startEvent><endEvent id="endEvent" name="\\347\\273\\223\\346\\235\\237" clr:typeId="bpmn.EndEvent"><incoming>ManualActivity1_endEvent</incoming></endEvent><sequenceFlow id="startEvent_ManualActivity1" clr:typeId="bpmn.SequenceFlow" sourceRef="startEvent" targetRef="ManualActivity1" /><sequenceFlow id="ManualActivity1_endEvent" clr:typeId="bpmn.SequenceFlow" sourceRef="ManualActivity1" targetRef="endEvent" /><humanPerformer id="lizhichao" name="\\346\\235\\216\\345\\277\\227\\350\\266\\205" clr:typeId="wf.UserParticipant" gsp:OrgType="Sys" /><humanPerformer id="wangjiazhao" name="\\347\\216\\213\\345\\256\\266\\347\\205\\247" clr:typeId="wf.UserParticipant" gsp:OrgType="Sys" /><humanPerformer id="caoguiyuan" name="\\346\\233\\271\\346\\241\\202\\346\\272\\220" clr:typeId="wf.UserParticipant" gsp:OrgType="Sys" /><humanPerformer id="taoshunhang" name="\\351\\231\\266\\351\\241\\272\\350\\241\\214" clr:typeId="wf.UserParticipant" gsp:OrgType="Sys" /></process></definitions>', NULL, NULL, NULL, NULL, NULL, NULL, NULL, NULL, NULL, NULL, NULL, 'lizhichao', '2018-9-11 16:08:09.280559', 'lizhichao', '2018-9-11 16:08:09.280726');
---单节点手工活动流程_带表达式：OneNodeProcess_Expression
INSERT INTO "gspwfreprocdef" ("id", "targetnamespace", "key", "version", "name", "description", "suspensionstate", "bytearrayid", "ftag", "f1", "f2", "f3", "f4", "f5", "f6", "f7", "f8", "f9", "f10", "creator", "createdtime", "lastmodifier", "lastmodifiedtime") VALUES ('aa508e21-83f2-4b66-81ce-4273534aa943', 'UnitTest_Namespace', 'OneNodeProcess_Expression', 1, '单节点手工活动流程_带表达式', '流程描述', 1, '7a165aa7-ef74-4a1b-9753-cb93bc1e0b7e', NULL, NULL, NULL, NULL, NULL, NULL, NULL, NULL, NULL, NULL, NULL, 'lizhichao', '2018-9-11 16:12:56.352232', 'lizhichao', '2018-9-11 16:12:56.352308');
INSERT INTO "gspwfgebytearray" ("id", "remark", "bytes", "ftag", "f1", "f2", "f3", "f4", "f5", "f6", "f7", "f8", "f9", "f10", "creator", "createdtime", "lastmodifier", "lastmodifiedtime") VALUES ('7a165aa7-ef74-4a1b-9753-cb93bc1e0b7e', 'BpmnModel', E'<?xml version="1.0" encoding="utf-8"?><definitions xmlns:clr="http://www.inspur.com/gsp/bpm/201608//serialize4clr" xmlns:mex="http://www.inspur.com/gsp/bpm/201608/bpmn/model/extend" xmlns:gsp="http://www.inspur.com/gsp/bpm/201608" xmlns:bpmndi="http://www.omg.org/spec/BPMN/20100524/DI" xmlns:omgdc="http://www.omg.org/spec/DD/20100524/DC" xmlns:omgdi="http://www.omg.org/spec/DD/20100524/DI" targetNamespace="UnitTest_Namespace" gsp:MetadataContentID="MetadataContentID" gsp:MetadataContentCode="MetadataContentCode" gsp:MetadataContentName="MetadataContentName" xmlns="http://www.omg.org/spec/BPMN/20100524/MODEL"><process id="_A4EY1V3QX" clr:typeId="bpmn.Process" name="\\345\\215\\225\\350\\212\\202\\347\\202\\271\\346\\211\\213\\345\\267\\245\\346\\264\\273\\345\\212\\250\\346\\265\\201\\347\\250\\213_\\345\\270\\246\\350\\241\\250\\350\\276\\276\\345\\274\\217" gsp:Key="OneNodeProcess_Expression"><documentation>\\346\\265\\201\\347\\250\\213\\346\\217\\217\\350\\277\\260</documentation><ioSpecification><dataInput id="_A4EY1V3R9" name="do_bxd1216List"><extensionElements><mex:DataType clr:typeId="bpmn.Mex.DataType" mex:MexTag="bpmn.DataInput" Category="SchemaType"><mex:SchemaType Category="XmlSchema"><mex:XmlSchema><![CDATA[<?xml version=''1.0''?><xs:schema xmlns:xs=''http://www.w3.org/2001/XMLSchema''><xs:element name=''do_bxd1216List''><xs:annotation><xs:documentation>do_\\346\\212\\245\\351\\224\\200\\345\\215\\2251216\\345\\210\\227\\350\\241\\250</xs:documentation></xs:annotation><xs:complexType><xs:sequence minOccurs=''0'' maxOccurs=''unbounded''><xs:element name=''do_bxd1216''><xs:annotation><xs:documentation>do_\\346\\212\\245\\351\\224\\200\\345\\215\\2251216</xs:documentation></xs:annotation><xs:complexType><xs:sequence minOccurs=''1'' maxOccurs=''1''><xs:element default='''' name=''BXD_NM'' type=''xs:string''><xs:annotation><xs:documentation>\\350\\264\\271\\347\\224\\250\\346\\212\\245\\351\\224\\200\\345\\215\\225ID</xs:documentation></xs:annotation></xs:element><xs:element default=''0001-01-01T00:00:00+08:00'' name=''BXD_DJRQ'' type=''xs:dateTime''><xs:annotation><xs:documentation>\\345\\215\\225\\346\\215\\256\\346\\227\\245\\346\\234\\237</xs:documentation></xs:annotation></xs:element><xs:element default='''' name=''BXD_YGNM'' type=''xs:string''><xs:annotation><xs:documentation>\\345\\221\\230\\345\\267\\245\\345\\206\\205\\347\\240\\201</xs:documentation></xs:annotation></xs:element><xs:element default='''' name=''BXD_YGNM_CODE'' type=''xs:string''><xs:annotation><xs:documentation>\\347\\274\\226\\345\\217\\267</xs:documentation></xs:annotation></xs:element><xs:element default='''' name=''BXD_YGNM_NAME'' type=''xs:string''><xs:annotation><xs:documentation>\\345\\247\\223\\345\\220\\215</xs:documentation></xs:annotation></xs:element><xs:element default='''' name=''BXD_BMNM'' type=''xs:string''><xs:annotation><xs:documentation>\\351\\203\\250\\351\\227\\250\\345\\206\\205\\347\\240\\201</xs:documentation></xs:annotation></xs:element><xs:element default='''' name=''BXD_BMNM_CODE'' type=''xs:string''><xs:annotation><xs:documentation>\\347\\263\\273\\347\\273\\237\\347\\273\\204\\347\\273\\207\\347\\274\\226\\345\\217\\267</xs:documentation></xs:annotation></xs:element><xs:element default='''' name=''BXD_BMNM_NAME'' type=''xs:string''><xs:annotation><xs:documentation>\\347\\263\\273\\347\\273\\237\\347\\273\\204\\347\\273\\207\\345\\220\\215\\347\\247\\260</xs:documentation></xs:annotation></xs:element><xs:element default='''' name=''BXD_DJBH'' type=''xs:string''><xs:annotation><xs:documentation>\\345\\215\\225\\346\\215\\256\\347\\274\\226\\345\\217\\267</xs:documentation></xs:annotation></xs:element><xs:element default='''' name=''BXD_ZFFS'' type=''xs:string''><xs:annotation><xs:documentation>\\346\\224\\257\\344\\273\\230\\346\\226\\271\\345\\274\\217</xs:documentation></xs:annotation></xs:element><xs:element default='''' name=''BXD_HBZL'' type=''xs:string''><xs:annotation><xs:documentation>\\350\\264\\247\\345\\270\\201\\347\\247\\215\\347\\261\\273</xs:documentation></xs:annotation></xs:element><xs:element default=''0'' name=''BXD_BXJE'' type=''xs:decimal''><xs:annotation><xs:documentation>\\346\\212\\245\\351\\224\\200\\351\\207\\221\\351\\242\\235</xs:documentation></xs:annotation></xs:element><xs:element default=''0'' name=''BXD_JKJE'' type=''xs:decimal''><xs:annotation><xs:documentation>\\345\\200\\237\\346\\254\\276\\351\\207\\221\\351\\242\\235</xs:documentation></xs:annotation></xs:element><xs:element default='''' name=''BXD_DJZT'' type=''xs:string''><xs:annotation><xs:documentation>\\345\\215\\225\\346\\215\\256\\347\\212\\266\\346\\200\\201</xs:documentation></xs:annotation></xs:element><xs:element default='''' name=''BXD_LCSL'' type=''xs:string''><xs:annotation><xs:documentation>\\346\\265\\201\\347\\250\\213\\345\\256\\236\\344\\276\\213</xs:documentation></xs:annotation></xs:element><xs:element default='''' name=''BXD_XXSM'' type=''xs:string''><xs:annotation><xs:documentation>\\350\\257\\246\\347\\273\\206\\350\\257\\264\\346\\230\\216</xs:documentation></xs:annotation></xs:element><xs:element default='''' name=''Creator'' type=''xs:string''><xs:annotation><xs:documentation>\\347\\274\\226\\345\\210\\266\\344\\272\\272</xs:documentation></xs:annotation></xs:element><xs:element default=''0001-01-01T00:00:00+08:00'' name=''CreateTime'' type=''xs:dateTime''><xs:annotation><xs:documentation>\\345\\210\\233\\345\\273\\272\\346\\227\\266\\351\\227\\264\\346\\210\\263</xs:documentation></xs:annotation></xs:element><xs:element default='''' name=''LastChgPerson'' type=''xs:string''><xs:annotation><xs:documentation>\\346\\234\\200\\345\\220\\216\\344\\277\\256\\346\\224\\271\\344\\272\\272</xs:documentation></xs:annotation></xs:element><xs:element default=''0001-01-01T00:00:00+08:00'' name=''LastChgTime'' type=''xs:dateTime''><xs:annotation><xs:documentation>\\346\\234\\200\\345\\220\\216\\344\\277\\256\\346\\224\\271\\346\\227\\266\\351\\227\\264\\346\\210\\263</xs:documentation></xs:annotation></xs:element><xs:element name=''do_bxdmx1216List''><xs:annotation><xs:documentation>do_\\346\\212\\245\\351\\224\\200\\345\\215\\225\\346\\230\\216\\347\\273\\2061216\\345\\210\\227\\350\\241\\250</xs:documentation></xs:annotation><xs:complexType><xs:sequence minOccurs=''0'' maxOccurs=''unbounded''><xs:element name=''do_bxdmx1216''><xs:annotation><xs:documentation>do_\\346\\212\\245\\351\\224\\200\\345\\215\\225\\346\\230\\216\\347\\273\\2061216</xs:documentation></xs:annotation><xs:complexType><xs:sequence minOccurs=''1'' maxOccurs=''1''><xs:element default='''' name=''BXDMX_NM'' type=''xs:string''><xs:annotation><xs:documentation>\\346\\230\\216\\347\\273\\206ID</xs:documentation></xs:annotation></xs:element><xs:element default='''' name=''BXDMX_BXDNM'' type=''xs:string''><xs:annotation><xs:documentation>\\350\\264\\271\\347\\224\\250\\346\\212\\245\\351\\224\\200\\345\\215\\225ID</xs:documentation></xs:annotation></xs:element><xs:element default='''' name=''BXDMX_FYXM'' type=''xs:string''><xs:annotation><xs:documentation>\\350\\264\\271\\347\\224\\250\\351\\241\\271\\347\\233\\256</xs:documentation></xs:annotation></xs:element><xs:element default=''0001-01-01T00:00:00+08:00'' name=''BXDMX_FYRQ'' type=''xs:dateTime''><xs:annotation><xs:documentation>\\350\\264\\271\\347\\224\\250\\346\\227\\245\\346\\234\\237</xs:documentation></xs:annotation></xs:element><xs:element default=''0'' name=''BXDMX_BZJE'' type=''xs:decimal''><xs:annotation><xs:documentation>\\346\\212\\245\\350\\264\\246\\351\\207\\221\\351\\242\\235</xs:documentation></xs:annotation></xs:element><xs:element default='''' name=''BXDMX_XXSM'' type=''xs:string''><xs:annotation><xs:documentation>\\350\\257\\246\\347\\273\\206\\350\\257\\264\\346\\230\\216</xs:documentation></xs:annotation></xs:element></xs:sequence></xs:complexType></xs:element></xs:sequence></xs:complexType></xs:element></xs:sequence></xs:complexType></xs:element></xs:sequence></xs:complexType></xs:element></xs:schema>]]></mex:XmlSchema></mex:SchemaType><mex:InitialValue type="bpmn.string"><mex:Text><![CDATA[]]></mex:Text></mex:InitialValue><mex:Description>XmlSchema\\347\\261\\273\\345\\236\\213\\346\\265\\201\\347\\250\\213\\345\\217\\230\\351\\207\\217</mex:Description></mex:DataType></extensionElements></dataInput><inputSet /><outputSet /></ioSpecification><dataObject id="_A4EY1V3QY" name="SPJL" clr:typeId="bpmn.DataObject"><extensionElements><mex:DataType clr:typeId="bpmn.Mex.DataType" mex:MexTag="bpmn.DataObject" Category="BasicType" BasicType="Integer"><mex:InitialValue type="bpmn.int64"><mex:Text><![CDATA[64]]></mex:Text></mex:InitialValue></mex:DataType></extensionElements></dataObject><dataObject id="_A4EY1V3QZ" name="SPYJ" clr:typeId="bpmn.DataObject"><extensionElements><mex:DataType clr:typeId="bpmn.Mex.DataType" mex:MexTag="bpmn.DataObject" Category="BasicType" BasicType="String"><mex:InitialValue type="bpmn.string"><mex:Text><![CDATA[]]></mex:Text></mex:InitialValue></mex:DataType></extensionElements></dataObject><userTask id="ManualActivity1" name="\\345\\256\\241\\346\\211\\271\\346\\264\\273\\345\\212\\250" clr:typeId="wf.ManualActivity"><extensionElements><gsp:participantScheme clr:typeId="wf.ParticipantScheme" mex:MexTag="wf.ManualActivity" gsp:Id="scheme01" gsp:Name="\\351\\273\\230\\350\\256\\244\\345\\217\\202\\344\\270\\216\\350\\200\\205\\346\\226\\271\\346\\241\\210" gsp:Performers="taoshunhang,lizhichao,wangjiazhao,caoguiyuan" gsp:ExclusionPerformers="taoshunhang"><gsp:condition clr:typeId="wf.Condition" gsp:ConditionType="CONDITION" gsp:Value="(#do_bxd1216List::do_bxd1216List/do_bxd1216/BXD_BXJE#&lt;=&quot;100&quot;)&amp;&amp;(#do_bxd1216List::do_bxd1216List/do_bxd1216/do_bxdmx1216List/do_bxdmx1216/BXDMX_BZJE#&gt;=&quot;10&quot;)" gsp:ValueVersion="SemanticExpressionV1" /></gsp:participantScheme><gsp:assignmentStrategy clr:typeId="wf.AssignmentStrategy" mex:MexTag="wf.ManualActivity" gsp:Id="ALL" gsp:Description="Expand groups and assigns work items to all group members" gsp:ExpandGroups="True" /><gsp:executeInput clr:typeId="wf.ExecuteInput" mex:MexTag="wf.ManualActivity" gsp:Id="SPJL" gsp:DisplayName="\\345\\256\\241\\346\\211\\271\\347\\273\\223\\350\\256\\272" gsp:IsNecessary="True" gsp:EnumDisplayControlType="RadioGroup"><EnumValues xmlns=""><mex:EnumValue gsp:Name="\\351\\200\\232\\350\\277\\207" gsp:Value="0" /><mex:EnumValue gsp:Name="\\344\\270\\215\\351\\200\\232\\350\\277\\207" gsp:Value="1" /></EnumValues></gsp:executeInput><gsp:executeInput clr:typeId="wf.ExecuteInput" mex:MexTag="wf.ManualActivity" gsp:Id="SPYJ" gsp:DisplayName="\\345\\256\\241\\346\\211\\271\\346\\204\\217\\350\\247\\201" gsp:IsNecessary="False" gsp:EnumDisplayControlType="Default"><EnumValues xmlns="" /></gsp:executeInput></extensionElements></userTask><startEvent id="startEvent" name="\\345\\274\\200\\345\\247\\213" clr:typeId="wf.StartActivity"><outgoing>startEvent_ManualActivity1</outgoing></startEvent><endEvent id="endEvent" name="\\347\\273\\223\\346\\235\\237" clr:typeId="bpmn.EndEvent"><incoming>ManualActivity1_endEvent</incoming></endEvent><sequenceFlow id="startEvent_ManualActivity1" clr:typeId="bpmn.SequenceFlow" sourceRef="startEvent" targetRef="ManualActivity1" /><sequenceFlow id="ManualActivity1_endEvent" clr:typeId="bpmn.SequenceFlow" sourceRef="ManualActivity1" targetRef="endEvent" /><humanPerformer id="lizhichao" name="\\346\\235\\216\\345\\277\\227\\350\\266\\205" clr:typeId="wf.UserParticipant" gsp:OrgType="Sys" /><humanPerformer id="wangjiazhao" name="\\347\\216\\213\\345\\256\\266\\347\\205\\247" clr:typeId="wf.UserParticipant" gsp:OrgType="Sys" /><humanPerformer id="caoguiyuan" name="\\346\\233\\271\\346\\241\\202\\346\\272\\220" clr:typeId="wf.UserParticipant" gsp:OrgType="Sys" /><humanPerformer id="taoshunhang" name="\\351\\231\\266\\351\\241\\272\\350\\241\\214" clr:typeId="wf.UserParticipant" gsp:OrgType="Sys" /></process></definitions>', NULL, NULL, NULL, NULL, NULL, NULL, NULL, NULL, NULL, NULL, NULL, 'lizhichao', '2018-9-11 16:12:56.190635', 'lizhichao', '2018-9-11 16:12:56.190857');
---单节点手工活动流程_岗位参与者：OneNodeProcess_Position
INSERT INTO "gspwfreprocdef" ("id", "targetnamespace", "key", "version", "name", "description", "suspensionstate", "bytearrayid", "ftag", "f1", "f2", "f3", "f4", "f5", "f6", "f7", "f8", "f9", "f10", "creator", "createdtime", "lastmodifier", "lastmodifiedtime") VALUES ('70a32f0c-ffcc-413d-8559-18a173022995', 'UnitTest_Namespace', 'OneNodeProcess_Position', 1, '岗位参与者流程', '流程描述', 1, 'c9d9d576-e9b5-4d9d-b4cc-a456ed18a17e', NULL, NULL, NULL, NULL, NULL, NULL, NULL, NULL, NULL, NULL, NULL, 'lizhichao', '2018-9-11 16:15:12.427634', 'lizhichao', '2018-9-11 16:15:12.427655');
INSERT INTO "gspwfgebytearray" ("id", "remark", "bytes", "ftag", "f1", "f2", "f3", "f4", "f5", "f6", "f7", "f8", "f9", "f10", "creator", "createdtime", "lastmodifier", "lastmodifiedtime") VALUES ('c9d9d576-e9b5-4d9d-b4cc-a456ed18a17e', 'BpmnModel', E'<?xml version="1.0" encoding="utf-8"?><definitions xmlns:clr="http://www.inspur.com/gsp/bpm/201608//serialize4clr" xmlns:mex="http://www.inspur.com/gsp/bpm/201608/bpmn/model/extend" xmlns:gsp="http://www.inspur.com/gsp/bpm/201608" xmlns:bpmndi="http://www.omg.org/spec/BPMN/20100524/DI" xmlns:omgdc="http://www.omg.org/spec/DD/20100524/DC" xmlns:omgdi="http://www.omg.org/spec/DD/20100524/DI" targetNamespace="UnitTest_Namespace" gsp:MetadataContentID="MetadataContentID" gsp:MetadataContentCode="MetadataContentCode" gsp:MetadataContentName="MetadataContentName" xmlns="http://www.omg.org/spec/BPMN/20100524/MODEL"><process id="_A4EY1VRWE" clr:typeId="bpmn.Process" name="\\345\\262\\227\\344\\275\\215\\345\\217\\202\\344\\270\\216\\350\\200\\205\\346\\265\\201\\347\\250\\213" gsp:Key="OneNodeProcess_Position"><documentation>\\346\\265\\201\\347\\250\\213\\346\\217\\217\\350\\277\\260</documentation><dataObject id="_A4EY1VRWF" name="SPJL" clr:typeId="bpmn.DataObject"><extensionElements><mex:DataType clr:typeId="bpmn.Mex.DataType" mex:MexTag="bpmn.DataObject" Category="BasicType" BasicType="Integer"><mex:InitialValue type="bpmn.int64"><mex:Text><![CDATA[64]]></mex:Text></mex:InitialValue></mex:DataType></extensionElements></dataObject><dataObject id="_A4EY1VRWG" name="SPYJ" clr:typeId="bpmn.DataObject"><extensionElements><mex:DataType clr:typeId="bpmn.Mex.DataType" mex:MexTag="bpmn.DataObject" Category="BasicType" BasicType="String"><mex:InitialValue type="bpmn.string"><mex:Text><![CDATA[]]></mex:Text></mex:InitialValue></mex:DataType></extensionElements></dataObject><userTask id="ManualActivity1" name="\\345\\256\\241\\346\\211\\271\\346\\264\\273\\345\\212\\250" clr:typeId="wf.ManualActivity"><extensionElements><gsp:participantScheme clr:typeId="wf.ParticipantScheme" mex:MexTag="wf.ManualActivity" gsp:Id="scheme01" gsp:Name="\\351\\273\\230\\350\\256\\244\\345\\217\\202\\344\\270\\216\\350\\200\\205\\346\\226\\271\\346\\241\\210" gsp:Performers="wfPosition" gsp:ExclusionPerformers="" /><gsp:assignmentStrategy clr:typeId="wf.AssignmentStrategy" mex:MexTag="wf.ManualActivity" gsp:Id="ALL" gsp:Description="Expand groups and assigns work items to all group members" gsp:ExpandGroups="True" /><gsp:executeInput clr:typeId="wf.ExecuteInput" mex:MexTag="wf.ManualActivity" gsp:Id="SPJL" gsp:DisplayName="\\345\\256\\241\\346\\211\\271\\347\\273\\223\\350\\256\\272" gsp:IsNecessary="True" gsp:EnumDisplayControlType="RadioGroup"><EnumValues xmlns=""><mex:EnumValue gsp:Name="\\351\\200\\232\\350\\277\\207" gsp:Value="0" /><mex:EnumValue gsp:Name="\\344\\270\\215\\351\\200\\232\\350\\277\\207" gsp:Value="1" /></EnumValues></gsp:executeInput><gsp:executeInput clr:typeId="wf.ExecuteInput" mex:MexTag="wf.ManualActivity" gsp:Id="SPYJ" gsp:DisplayName="\\345\\256\\241\\346\\211\\271\\346\\204\\217\\350\\247\\201" gsp:IsNecessary="False" gsp:EnumDisplayControlType="Default"><EnumValues xmlns="" /></gsp:executeInput></extensionElements></userTask><startEvent id="startEvent" name="\\345\\274\\200\\345\\247\\213" clr:typeId="wf.StartActivity"><outgoing>startEvent_ManualActivity1</outgoing></startEvent><endEvent id="endEvent" name="\\347\\273\\223\\346\\235\\237" clr:typeId="bpmn.EndEvent"><incoming>ManualActivity1_endEvent</incoming></endEvent><sequenceFlow id="startEvent_ManualActivity1" clr:typeId="bpmn.SequenceFlow" sourceRef="startEvent" targetRef="ManualActivity1" /><sequenceFlow id="ManualActivity1_endEvent" clr:typeId="bpmn.SequenceFlow" sourceRef="ManualActivity1" targetRef="endEvent" /><humanPerformer id="wfPosition" name="\\345\\267\\245\\344\\275\\234\\346\\265\\201\\351\\242\\204\\347\\275\\256\\345\\262\\227" clr:typeId="wf.PositionParticipant" d3p1:PositionId="wfPosition" d3p1:PositionName="\\345\\267\\245\\344\\275\\234\\346\\265\\201\\351\\242\\204\\347\\275\\256\\345\\262\\227" d3p1:PositionType="" d3p1:OrgType="Sys" xmlns:d3p1="Participant" /></process></definitions>', NULL, NULL, NULL, NULL, NULL, NULL, NULL, NULL, NULL, NULL, NULL, 'lizhichao', '2018-9-11 16:15:12.266232', 'lizhichao', '2018-9-11 16:15:12.266408');
---单节点手工活动流程_加签：AddPreParticipant
INSERT INTO "gspwfreprocdef" ("id", "targetnamespace", "key", "version", "name", "description", "suspensionstate", "bytearrayid", "ftag", "f1", "f2", "f3", "f4", "f5", "f6", "f7", "f8", "f9", "f10", "creator", "createdtime", "lastmodifier", "lastmodifiedtime") VALUES ('2af7baa5-c817-4404-a235-a6bed12aff68', 'UnitTest_Namespace', 'AddPreParticipant', 1, '1节点加签流程', '流程描述', 1, '670abf59-a67c-4cb2-9970-331632c9a8c4', NULL, NULL, NULL, NULL, NULL, NULL, NULL, NULL, NULL, NULL, NULL, 'lizhichao', '2018-9-11 16:16:58.565765', 'lizhichao', '2018-9-11 16:16:58.565787');
INSERT INTO "gspwfgebytearray" ("id", "remark", "bytes", "ftag", "f1", "f2", "f3", "f4", "f5", "f6", "f7", "f8", "f9", "f10", "creator", "createdtime", "lastmodifier", "lastmodifiedtime") VALUES ('670abf59-a67c-4cb2-9970-331632c9a8c4', 'BpmnModel', E'<?xml version="1.0" encoding="utf-8"?><definitions xmlns:clr="http://www.inspur.com/gsp/bpm/201608//serialize4clr" xmlns:mex="http://www.inspur.com/gsp/bpm/201608/bpmn/model/extend" xmlns:gsp="http://www.inspur.com/gsp/bpm/201608" xmlns:bpmndi="http://www.omg.org/spec/BPMN/20100524/DI" xmlns:omgdc="http://www.omg.org/spec/DD/20100524/DC" xmlns:omgdi="http://www.omg.org/spec/DD/20100524/DI" targetNamespace="UnitTest_Namespace" gsp:MetadataContentID="MetadataContentID" gsp:MetadataContentCode="MetadataContentCode" gsp:MetadataContentName="MetadataContentName" xmlns="http://www.omg.org/spec/BPMN/20100524/MODEL"><process id="_A4EY1W4J1" clr:typeId="bpmn.Process" name="1\\350\\212\\202\\347\\202\\271\\345\\212\\240\\347\\255\\276\\346\\265\\201\\347\\250\\213" gsp:Key="AddPreParticipant"><documentation>\\346\\265\\201\\347\\250\\213\\346\\217\\217\\350\\277\\260</documentation><ioSpecification><dataInput id="_A4EY1W4J9" name="do_bxd1216List"><extensionElements><mex:DataType clr:typeId="bpmn.Mex.DataType" mex:MexTag="bpmn.DataInput" Category="SchemaType"><mex:SchemaType Category="XmlSchema"><mex:XmlSchema><![CDATA[<?xml version=''1.0''?><xs:schema xmlns:xs=''http://www.w3.org/2001/XMLSchema''><xs:element name=''do_bxd1216List''><xs:annotation><xs:documentation>do_\\346\\212\\245\\351\\224\\200\\345\\215\\2251216\\345\\210\\227\\350\\241\\250</xs:documentation></xs:annotation><xs:complexType><xs:sequence minOccurs=''0'' maxOccurs=''unbounded''><xs:element name=''do_bxd1216''><xs:annotation><xs:documentation>do_\\346\\212\\245\\351\\224\\200\\345\\215\\2251216</xs:documentation></xs:annotation><xs:complexType><xs:sequence minOccurs=''1'' maxOccurs=''1''><xs:element default='''' name=''BXD_NM'' type=''xs:string''><xs:annotation><xs:documentation>\\350\\264\\271\\347\\224\\250\\346\\212\\245\\351\\224\\200\\345\\215\\225ID</xs:documentation></xs:annotation></xs:element><xs:element default=''0001-01-01T00:00:00+08:00'' name=''BXD_DJRQ'' type=''xs:dateTime''><xs:annotation><xs:documentation>\\345\\215\\225\\346\\215\\256\\346\\227\\245\\346\\234\\237</xs:documentation></xs:annotation></xs:element><xs:element default='''' name=''BXD_YGNM'' type=''xs:string''><xs:annotation><xs:documentation>\\345\\221\\230\\345\\267\\245\\345\\206\\205\\347\\240\\201</xs:documentation></xs:annotation></xs:element><xs:element default='''' name=''BXD_YGNM_CODE'' type=''xs:string''><xs:annotation><xs:documentation>\\347\\274\\226\\345\\217\\267</xs:documentation></xs:annotation></xs:element><xs:element default='''' name=''BXD_YGNM_NAME'' type=''xs:string''><xs:annotation><xs:documentation>\\345\\247\\223\\345\\220\\215</xs:documentation></xs:annotation></xs:element><xs:element default='''' name=''BXD_BMNM'' type=''xs:string''><xs:annotation><xs:documentation>\\351\\203\\250\\351\\227\\250\\345\\206\\205\\347\\240\\201</xs:documentation></xs:annotation></xs:element><xs:element default='''' name=''BXD_BMNM_CODE'' type=''xs:string''><xs:annotation><xs:documentation>\\347\\263\\273\\347\\273\\237\\347\\273\\204\\347\\273\\207\\347\\274\\226\\345\\217\\267</xs:documentation></xs:annotation></xs:element><xs:element default='''' name=''BXD_BMNM_NAME'' type=''xs:string''><xs:annotation><xs:documentation>\\347\\263\\273\\347\\273\\237\\347\\273\\204\\347\\273\\207\\345\\220\\215\\347\\247\\260</xs:documentation></xs:annotation></xs:element><xs:element default='''' name=''BXD_DJBH'' type=''xs:string''><xs:annotation><xs:documentation>\\345\\215\\225\\346\\215\\256\\347\\274\\226\\345\\217\\267</xs:documentation></xs:annotation></xs:element><xs:element default='''' name=''BXD_ZFFS'' type=''xs:string''><xs:annotation><xs:documentation>\\346\\224\\257\\344\\273\\230\\346\\226\\271\\345\\274\\217</xs:documentation></xs:annotation></xs:element><xs:element default='''' name=''BXD_HBZL'' type=''xs:string''><xs:annotation><xs:documentation>\\350\\264\\247\\345\\270\\201\\347\\247\\215\\347\\261\\273</xs:documentation></xs:annotation></xs:element><xs:element default=''0'' name=''BXD_BXJE'' type=''xs:decimal''><xs:annotation><xs:documentation>\\346\\212\\245\\351\\224\\200\\351\\207\\221\\351\\242\\235</xs:documentation></xs:annotation></xs:element><xs:element default=''0'' name=''BXD_JKJE'' type=''xs:decimal''><xs:annotation><xs:documentation>\\345\\200\\237\\346\\254\\276\\351\\207\\221\\351\\242\\235</xs:documentation></xs:annotation></xs:element><xs:element default='''' name=''BXD_DJZT'' type=''xs:string''><xs:annotation><xs:documentation>\\345\\215\\225\\346\\215\\256\\347\\212\\266\\346\\200\\201</xs:documentation></xs:annotation></xs:element><xs:element default='''' name=''BXD_LCSL'' type=''xs:string''><xs:annotation><xs:documentation>\\346\\265\\201\\347\\250\\213\\345\\256\\236\\344\\276\\213</xs:documentation></xs:annotation></xs:element><xs:element default='''' name=''BXD_XXSM'' type=''xs:string''><xs:annotation><xs:documentation>\\350\\257\\246\\347\\273\\206\\350\\257\\264\\346\\230\\216</xs:documentation></xs:annotation></xs:element><xs:element default='''' name=''Creator'' type=''xs:string''><xs:annotation><xs:documentation>\\347\\274\\226\\345\\210\\266\\344\\272\\272</xs:documentation></xs:annotation></xs:element><xs:element default=''0001-01-01T00:00:00+08:00'' name=''CreateTime'' type=''xs:dateTime''><xs:annotation><xs:documentation>\\345\\210\\233\\345\\273\\272\\346\\227\\266\\351\\227\\264\\346\\210\\263</xs:documentation></xs:annotation></xs:element><xs:element default='''' name=''LastChgPerson'' type=''xs:string''><xs:annotation><xs:documentation>\\346\\234\\200\\345\\220\\216\\344\\277\\256\\346\\224\\271\\344\\272\\272</xs:documentation></xs:annotation></xs:element><xs:element default=''0001-01-01T00:00:00+08:00'' name=''LastChgTime'' type=''xs:dateTime''><xs:annotation><xs:documentation>\\346\\234\\200\\345\\220\\216\\344\\277\\256\\346\\224\\271\\346\\227\\266\\351\\227\\264\\346\\210\\263</xs:documentation></xs:annotation></xs:element><xs:element name=''do_bxdmx1216List''><xs:annotation><xs:documentation>do_\\346\\212\\245\\351\\224\\200\\345\\215\\225\\346\\230\\216\\347\\273\\2061216\\345\\210\\227\\350\\241\\250</xs:documentation></xs:annotation><xs:complexType><xs:sequence minOccurs=''0'' maxOccurs=''unbounded''><xs:element name=''do_bxdmx1216''><xs:annotation><xs:documentation>do_\\346\\212\\245\\351\\224\\200\\345\\215\\225\\346\\230\\216\\347\\273\\2061216</xs:documentation></xs:annotation><xs:complexType><xs:sequence minOccurs=''1'' maxOccurs=''1''><xs:element default='''' name=''BXDMX_NM'' type=''xs:string''><xs:annotation><xs:documentation>\\346\\230\\216\\347\\273\\206ID</xs:documentation></xs:annotation></xs:element><xs:element default='''' name=''BXDMX_BXDNM'' type=''xs:string''><xs:annotation><xs:documentation>\\350\\264\\271\\347\\224\\250\\346\\212\\245\\351\\224\\200\\345\\215\\225ID</xs:documentation></xs:annotation></xs:element><xs:element default='''' name=''BXDMX_FYXM'' type=''xs:string''><xs:annotation><xs:documentation>\\350\\264\\271\\347\\224\\250\\351\\241\\271\\347\\233\\256</xs:documentation></xs:annotation></xs:element><xs:element default=''0001-01-01T00:00:00+08:00'' name=''BXDMX_FYRQ'' type=''xs:dateTime''><xs:annotation><xs:documentation>\\350\\264\\271\\347\\224\\250\\346\\227\\245\\346\\234\\237</xs:documentation></xs:annotation></xs:element><xs:element default=''0'' name=''BXDMX_BZJE'' type=''xs:decimal''><xs:annotation><xs:documentation>\\346\\212\\245\\350\\264\\246\\351\\207\\221\\351\\242\\235</xs:documentation></xs:annotation></xs:element><xs:element default='''' name=''BXDMX_XXSM'' type=''xs:string''><xs:annotation><xs:documentation>\\350\\257\\246\\347\\273\\206\\350\\257\\264\\346\\230\\216</xs:documentation></xs:annotation></xs:element></xs:sequence></xs:complexType></xs:element></xs:sequence></xs:complexType></xs:element></xs:sequence></xs:complexType></xs:element></xs:sequence></xs:complexType></xs:element></xs:schema>]]></mex:XmlSchema></mex:SchemaType><mex:InitialValue type="bpmn.string"><mex:Text><![CDATA[]]></mex:Text></mex:InitialValue><mex:Description>XmlSchema\\347\\261\\273\\345\\236\\213\\346\\265\\201\\347\\250\\213\\345\\217\\230\\351\\207\\217</mex:Description></mex:DataType></extensionElements></dataInput><inputSet /><outputSet /></ioSpecification><dataObject id="_A4EY1W4J2" name="SPJL" clr:typeId="bpmn.DataObject"><extensionElements><mex:DataType clr:typeId="bpmn.Mex.DataType" mex:MexTag="bpmn.DataObject" Category="BasicType" BasicType="Integer"><mex:InitialValue type="bpmn.int64"><mex:Text><![CDATA[64]]></mex:Text></mex:InitialValue></mex:DataType></extensionElements></dataObject><dataObject id="_A4EY1W4J3" name="SPYJ" clr:typeId="bpmn.DataObject"><extensionElements><mex:DataType clr:typeId="bpmn.Mex.DataType" mex:MexTag="bpmn.DataObject" Category="BasicType" BasicType="String"><mex:InitialValue type="bpmn.string"><mex:Text><![CDATA[]]></mex:Text></mex:InitialValue></mex:DataType></extensionElements></dataObject><userTask id="ManualActivity1" name="\\345\\256\\241\\346\\211\\271\\346\\264\\273\\345\\212\\250" clr:typeId="wf.ManualActivity"><extensionElements><gsp:participantScheme clr:typeId="wf.ParticipantScheme" mex:MexTag="wf.ManualActivity" gsp:Id="scheme01" gsp:Name="\\351\\273\\230\\350\\256\\244\\345\\217\\202\\344\\270\\216\\350\\200\\205\\346\\226\\271\\346\\241\\210" gsp:Performers="caoguiyuan" /><gsp:assignmentStrategy clr:typeId="wf.AssignmentStrategy" mex:MexTag="wf.ManualActivity" gsp:Id="ALL" gsp:Description="Expand groups and assigns work items to all group members" gsp:ExpandGroups="True" /><gsp:executeInput clr:typeId="wf.ExecuteInput" mex:MexTag="wf.ManualActivity" gsp:Id="SPJL" gsp:DisplayName="\\345\\256\\241\\346\\211\\271\\347\\273\\223\\350\\256\\272" gsp:IsNecessary="True" gsp:EnumDisplayControlType="RadioGroup"><EnumValues xmlns=""><mex:EnumValue gsp:Name="\\351\\200\\232\\350\\277\\207" gsp:Value="0" /><mex:EnumValue gsp:Name="\\344\\270\\215\\351\\200\\232\\350\\277\\207" gsp:Value="1" /></EnumValues></gsp:executeInput><gsp:executeInput clr:typeId="wf.ExecuteInput" mex:MexTag="wf.ManualActivity" gsp:Id="SPYJ" gsp:DisplayName="\\345\\256\\241\\346\\211\\271\\346\\204\\217\\350\\247\\201" gsp:IsNecessary="False" gsp:EnumDisplayControlType="Default"><EnumValues xmlns="" /></gsp:executeInput></extensionElements></userTask><startEvent id="startEvent" name="\\345\\274\\200\\345\\247\\213" clr:typeId="wf.StartActivity"><outgoing>startEvent_ManualActivity1</outgoing></startEvent><endEvent id="endEvent" name="\\347\\273\\223\\346\\235\\237" clr:typeId="bpmn.EndEvent"><incoming>ManualActivity1_endEvent</incoming></endEvent><sequenceFlow id="startEvent_ManualActivity1" clr:typeId="bpmn.SequenceFlow" sourceRef="startEvent" targetRef="ManualActivity1" /><sequenceFlow id="ManualActivity1_endEvent" clr:typeId="bpmn.SequenceFlow" sourceRef="ManualActivity1" targetRef="endEvent" /><humanPerformer id="caoguiyuan" name="\\346\\233\\271\\346\\241\\202\\346\\272\\220" clr:typeId="wf.UserParticipant" gsp:OrgType="Sys" /></process></definitions>', NULL, NULL, NULL, NULL, NULL, NULL, NULL, NULL, NULL, NULL, NULL, 'lizhichao', '2018-9-11 16:16:58.396556', 'lizhichao', '2018-9-11 16:16:58.396714');
---单AutoActivity节点自动流程
INSERT INTO "gspwfreprocdef" ("id", "targetnamespace", "key", "version", "name", "description", "suspensionstate", "bytearrayid", "ftag", "f1", "f2", "f3", "f4", "f5", "f6", "f7", "f8", "f9", "f10", "creator", "createdtime", "lastmodifier", "lastmodifiedtime") VALUES ('05d79bea-f65e-47bb-8111-8519f77c4813', 'wf', 'autoActProcess', 1, '自动通过流程', '自动通过流程', 1, 'a4f4aaa2-408c-49f1-8128-d0c2fd5b93cc', NULL, NULL, NULL, NULL, NULL, NULL, NULL, NULL, NULL, NULL, NULL, 'lizhichao', '2018-9-17 16:03:53.321059', 'lizhichao', '2018-9-17 16:03:53.321086');
INSERT INTO "gspwfgebytearray" ("id", "remark", "bytes", "ftag", "f1", "f2", "f3", "f4", "f5", "f6", "f7", "f8", "f9", "f10", "creator", "createdtime", "lastmodifier", "lastmodifiedtime") VALUES ('a4f4aaa2-408c-49f1-8128-d0c2fd5b93cc', 'BpmnModel', E'<?xml version="1.0" encoding="utf-8"?><definitions xmlns:clr="http://www.inspur.com/gsp/bpm/201608//serialize4clr" xmlns:mex="http://www.inspur.com/gsp/bpm/201608/bpmn/model/extend" xmlns:gsp="http://www.inspur.com/gsp/bpm/201608" xmlns:bpmndi="http://www.omg.org/spec/BPMN/20100524/DI" xmlns:omgdc="http://www.omg.org/spec/DD/20100524/DC" xmlns:omgdi="http://www.omg.org/spec/DD/20100524/DI" targetNamespace="wf" gsp:MetadataContentID="MetadataContentID" gsp:MetadataContentCode="MetadataContentCode" gsp:MetadataContentName="MetadataContentName" xmlns="http://www.omg.org/spec/BPMN/20100524/MODEL"><process id="autoActProcess" clr:typeId="bpmn.Process" name="\\350\\207\\252\\345\\212\\250\\351\\200\\232\\350\\277\\207\\346\\265\\201\\347\\250\\213" gsp:Key="autoActProcess"><documentation>\\350\\207\\252\\345\\212\\250\\351\\200\\232\\350\\277\\207\\346\\265\\201\\347\\250\\213</documentation><serviceTask id="autoActivity1" name="\\350\\207\\252\\345\\212\\250\\346\\264\\273\\345\\212\\250" clr:typeId="wf.AutoActivity"><extensionElements><gsp:tool clr:typeId="wf.Application" mex:MexTag="wf.AutoActivity" gsp:Id="CMP_ProcessComponent" gsp:Name="\\346\\265\\201\\347\\250\\213\\346\\236\\204\\344\\273\\266demo" gsp:Execution="SYNCHRONOUS" gsp:AsyncCallBackType="NO" gsp:Time="UNDEFINITION" gsp:ApplicationType="DotNet" gsp:Assembly="ProcessComponent" gsp:ClassName="ProcessComponent.ProcessComponentDemo" gsp:Method="InsertData"><WFActualParameters xmlns=""><mex:wfActualParameter gsp:DisplayName="\\345\\256\\236\\345\\217\\2021">Test ProcessComponent</mex:wfActualParameter></WFActualParameters><FormalParameters xmlns=""><mex:formalParameter gsp:Id="parameter1" gsp:Name="\\345\\275\\242\\345\\217\\2021" gsp:index="0" gsp:Code="parameter1" gsp:Mode="IN"><DataType><mex:DataType clr:typeId="bpmn.Mex.DataType" Category="BasicType" BasicType="String"><mex:InitialValue type="bpmn.string"><mex:Text><![CDATA[]]></mex:Text></mex:InitialValue><mex:Description>\\345\\255\\227\\347\\254\\246\\344\\270\\262</mex:Description></mex:DataType></DataType></mex:formalParameter></FormalParameters></gsp:tool></extensionElements></serviceTask><startEvent id="stratEvent" name="\\345\\274\\200\\345\\247\\213" clr:typeId="bpmn.StartEvent"><outgoing>stratEvent_autoActivity1</outgoing></startEvent><endEvent id="endEvent" name="\\347\\273\\223\\346\\235\\237" clr:typeId="bpmn.EndEvent"><incoming>autoActivity1_endEvent</incoming></endEvent><sequenceFlow id="stratEvent_autoActivity1" clr:typeId="bpmn.SequenceFlow" sourceRef="stratEvent" targetRef="autoActivity1" /><sequenceFlow id="autoActivity1_endEvent" clr:typeId="bpmn.SequenceFlow" sourceRef="autoActivity1" targetRef="endEvent" /></process></definitions>', NULL, NULL, NULL, NULL, NULL, NULL, NULL, NULL, NULL, NULL, NULL, 'lizhichao', '2018-9-17 16:03:52.881059', 'lizhichao', '2018-9-17 16:03:52.881289');

---指定参与者活动流程
INSERT INTO "gspwfreprocdef" ("id", "targetnamespace", "key", "version", "name", "description", "suspensionstate", "bytearrayid", "ftag", "f1", "f2", "f3", "f4", "f5", "f6", "f7", "f8", "f9", "f10", "creator", "createdtime", "lastmodifier", "lastmodifiedtime") VALUES ('5dc6eee0-5383-47f4-9c36-40a07baac4e5', 'UnitTest_Namespace', 'DPActivityProcess', 1, '指定参与者活动流程', '流程描述', 1, '6fd746e2-f689-4da1-baea-d7fb2ae7dafe', NULL, NULL, NULL, NULL, NULL, NULL, NULL, NULL, NULL, NULL, NULL, 'lizhichao', '2018-9-11 16:19:23.326277', 'lizhichao', '2018-9-11 16:19:23.326305');
INSERT INTO "gspwfgebytearray" ("id", "remark", "bytes", "ftag", "f1", "f2", "f3", "f4", "f5", "f6", "f7", "f8", "f9", "f10", "creator", "createdtime", "lastmodifier", "lastmodifiedtime") VALUES ('6fd746e2-f689-4da1-baea-d7fb2ae7dafe', 'BpmnModel', E'<?xml version="1.0" encoding="utf-8"?><definitions xmlns:clr="http://www.inspur.com/gsp/bpm/201608//serialize4clr" xmlns:mex="http://www.inspur.com/gsp/bpm/201608/bpmn/model/extend" xmlns:gsp="http://www.inspur.com/gsp/bpm/201608" xmlns:bpmndi="http://www.omg.org/spec/BPMN/20100524/DI" xmlns:omgdc="http://www.omg.org/spec/DD/20100524/DC" xmlns:omgdi="http://www.omg.org/spec/DD/20100524/DI" targetNamespace="UnitTest_Namespace" gsp:MetadataContentID="MetadataContentID" gsp:MetadataContentCode="MetadataContentCode" gsp:MetadataContentName="MetadataContentName" xmlns="http://www.omg.org/spec/BPMN/20100524/MODEL"><process id="_A4EY1WTEU" clr:typeId="bpmn.Process" name="\\346\\214\\207\\345\\256\\232\\345\\217\\202\\344\\270\\216\\350\\200\\205\\346\\264\\273\\345\\212\\250\\346\\265\\201\\347\\250\\213" gsp:Key="DPActivityProcess"><documentation>\\346\\265\\201\\347\\250\\213\\346\\217\\217\\350\\277\\260</documentation><ioSpecification><dataInput id="_A4EY1WTFC" name="do_bxd1216List"><extensionElements><mex:DataType clr:typeId="bpmn.Mex.DataType" mex:MexTag="bpmn.DataInput" Category="SchemaType"><mex:SchemaType Category="XmlSchema"><mex:XmlSchema><![CDATA[<?xml version=''1.0''?><xs:schema xmlns:xs=''http://www.w3.org/2001/XMLSchema''><xs:element name=''do_bxd1216List''><xs:annotation><xs:documentation>do_\\346\\212\\245\\351\\224\\200\\345\\215\\2251216\\345\\210\\227\\350\\241\\250</xs:documentation></xs:annotation><xs:complexType><xs:sequence minOccurs=''0'' maxOccurs=''unbounded''><xs:element name=''do_bxd1216''><xs:annotation><xs:documentation>do_\\346\\212\\245\\351\\224\\200\\345\\215\\2251216</xs:documentation></xs:annotation><xs:complexType><xs:sequence minOccurs=''1'' maxOccurs=''1''><xs:element default='''' name=''BXD_NM'' type=''xs:string''><xs:annotation><xs:documentation>\\350\\264\\271\\347\\224\\250\\346\\212\\245\\351\\224\\200\\345\\215\\225ID</xs:documentation></xs:annotation></xs:element><xs:element default=''0001-01-01T00:00:00+08:00'' name=''BXD_DJRQ'' type=''xs:dateTime''><xs:annotation><xs:documentation>\\345\\215\\225\\346\\215\\256\\346\\227\\245\\346\\234\\237</xs:documentation></xs:annotation></xs:element><xs:element default='''' name=''BXD_YGNM'' type=''xs:string''><xs:annotation><xs:documentation>\\345\\221\\230\\345\\267\\245\\345\\206\\205\\347\\240\\201</xs:documentation></xs:annotation></xs:element><xs:element default='''' name=''BXD_YGNM_CODE'' type=''xs:string''><xs:annotation><xs:documentation>\\347\\274\\226\\345\\217\\267</xs:documentation></xs:annotation></xs:element><xs:element default='''' name=''BXD_YGNM_NAME'' type=''xs:string''><xs:annotation><xs:documentation>\\345\\247\\223\\345\\220\\215</xs:documentation></xs:annotation></xs:element><xs:element default='''' name=''BXD_BMNM'' type=''xs:string''><xs:annotation><xs:documentation>\\351\\203\\250\\351\\227\\250\\345\\206\\205\\347\\240\\201</xs:documentation></xs:annotation></xs:element><xs:element default='''' name=''BXD_BMNM_CODE'' type=''xs:string''><xs:annotation><xs:documentation>\\347\\263\\273\\347\\273\\237\\347\\273\\204\\347\\273\\207\\347\\274\\226\\345\\217\\267</xs:documentation></xs:annotation></xs:element><xs:element default='''' name=''BXD_BMNM_NAME'' type=''xs:string''><xs:annotation><xs:documentation>\\347\\263\\273\\347\\273\\237\\347\\273\\204\\347\\273\\207\\345\\220\\215\\347\\247\\260</xs:documentation></xs:annotation></xs:element><xs:element default='''' name=''BXD_DJBH'' type=''xs:string''><xs:annotation><xs:documentation>\\345\\215\\225\\346\\215\\256\\347\\274\\226\\345\\217\\267</xs:documentation></xs:annotation></xs:element><xs:element default='''' name=''BXD_ZFFS'' type=''xs:string''><xs:annotation><xs:documentation>\\346\\224\\257\\344\\273\\230\\346\\226\\271\\345\\274\\217</xs:documentation></xs:annotation></xs:element><xs:element default='''' name=''BXD_HBZL'' type=''xs:string''><xs:annotation><xs:documentation>\\350\\264\\247\\345\\270\\201\\347\\247\\215\\347\\261\\273</xs:documentation></xs:annotation></xs:element><xs:element default=''0'' name=''BXD_BXJE'' type=''xs:decimal''><xs:annotation><xs:documentation>\\346\\212\\245\\351\\224\\200\\351\\207\\221\\351\\242\\235</xs:documentation></xs:annotation></xs:element><xs:element default=''0'' name=''BXD_JKJE'' type=''xs:decimal''><xs:annotation><xs:documentation>\\345\\200\\237\\346\\254\\276\\351\\207\\221\\351\\242\\235</xs:documentation></xs:annotation></xs:element><xs:element default='''' name=''BXD_DJZT'' type=''xs:string''><xs:annotation><xs:documentation>\\345\\215\\225\\346\\215\\256\\347\\212\\266\\346\\200\\201</xs:documentation></xs:annotation></xs:element><xs:element default='''' name=''BXD_LCSL'' type=''xs:string''><xs:annotation><xs:documentation>\\346\\265\\201\\347\\250\\213\\345\\256\\236\\344\\276\\213</xs:documentation></xs:annotation></xs:element><xs:element default='''' name=''BXD_XXSM'' type=''xs:string''><xs:annotation><xs:documentation>\\350\\257\\246\\347\\273\\206\\350\\257\\264\\346\\230\\216</xs:documentation></xs:annotation></xs:element><xs:element default='''' name=''Creator'' type=''xs:string''><xs:annotation><xs:documentation>\\347\\274\\226\\345\\210\\266\\344\\272\\272</xs:documentation></xs:annotation></xs:element><xs:element default=''0001-01-01T00:00:00+08:00'' name=''CreateTime'' type=''xs:dateTime''><xs:annotation><xs:documentation>\\345\\210\\233\\345\\273\\272\\346\\227\\266\\351\\227\\264\\346\\210\\263</xs:documentation></xs:annotation></xs:element><xs:element default='''' name=''LastChgPerson'' type=''xs:string''><xs:annotation><xs:documentation>\\346\\234\\200\\345\\220\\216\\344\\277\\256\\346\\224\\271\\344\\272\\272</xs:documentation></xs:annotation></xs:element><xs:element default=''0001-01-01T00:00:00+08:00'' name=''LastChgTime'' type=''xs:dateTime''><xs:annotation><xs:documentation>\\346\\234\\200\\345\\220\\216\\344\\277\\256\\346\\224\\271\\346\\227\\266\\351\\227\\264\\346\\210\\263</xs:documentation></xs:annotation></xs:element><xs:element name=''do_bxdmx1216List''><xs:annotation><xs:documentation>do_\\346\\212\\245\\351\\224\\200\\345\\215\\225\\346\\230\\216\\347\\273\\2061216\\345\\210\\227\\350\\241\\250</xs:documentation></xs:annotation><xs:complexType><xs:sequence minOccurs=''0'' maxOccurs=''unbounded''><xs:element name=''do_bxdmx1216''><xs:annotation><xs:documentation>do_\\346\\212\\245\\351\\224\\200\\345\\215\\225\\346\\230\\216\\347\\273\\2061216</xs:documentation></xs:annotation><xs:complexType><xs:sequence minOccurs=''1'' maxOccurs=''1''><xs:element default='''' name=''BXDMX_NM'' type=''xs:string''><xs:annotation><xs:documentation>\\346\\230\\216\\347\\273\\206ID</xs:documentation></xs:annotation></xs:element><xs:element default='''' name=''BXDMX_BXDNM'' type=''xs:string''><xs:annotation><xs:documentation>\\350\\264\\271\\347\\224\\250\\346\\212\\245\\351\\224\\200\\345\\215\\225ID</xs:documentation></xs:annotation></xs:element><xs:element default='''' name=''BXDMX_FYXM'' type=''xs:string''><xs:annotation><xs:documentation>\\350\\264\\271\\347\\224\\250\\351\\241\\271\\347\\233\\256</xs:documentation></xs:annotation></xs:element><xs:element default=''0001-01-01T00:00:00+08:00'' name=''BXDMX_FYRQ'' type=''xs:dateTime''><xs:annotation><xs:documentation>\\350\\264\\271\\347\\224\\250\\346\\227\\245\\346\\234\\237</xs:documentation></xs:annotation></xs:element><xs:element default=''0'' name=''BXDMX_BZJE'' type=''xs:decimal''><xs:annotation><xs:documentation>\\346\\212\\245\\350\\264\\246\\351\\207\\221\\351\\242\\235</xs:documentation></xs:annotation></xs:element><xs:element default='''' name=''BXDMX_XXSM'' type=''xs:string''><xs:annotation><xs:documentation>\\350\\257\\246\\347\\273\\206\\350\\257\\264\\346\\230\\216</xs:documentation></xs:annotation></xs:element></xs:sequence></xs:complexType></xs:element></xs:sequence></xs:complexType></xs:element></xs:sequence></xs:complexType></xs:element></xs:sequence></xs:complexType></xs:element></xs:schema>]]></mex:XmlSchema></mex:SchemaType><mex:InitialValue type="bpmn.string"><mex:Text><![CDATA[]]></mex:Text></mex:InitialValue><mex:Description>XmlSchema\\347\\261\\273\\345\\236\\213\\346\\265\\201\\347\\250\\213\\345\\217\\230\\351\\207\\217</mex:Description></mex:DataType></extensionElements></dataInput><inputSet /><outputSet /></ioSpecification><dataObject id="_A4EY1WTEV" name="SPJL" clr:typeId="bpmn.DataObject"><extensionElements><mex:DataType clr:typeId="bpmn.Mex.DataType" mex:MexTag="bpmn.DataObject" Category="BasicType" BasicType="Integer"><mex:InitialValue type="bpmn.int64"><mex:Text><![CDATA[64]]></mex:Text></mex:InitialValue></mex:DataType></extensionElements></dataObject><dataObject id="_A4EY1WTEW" name="SPYJ" clr:typeId="bpmn.DataObject"><extensionElements><mex:DataType clr:typeId="bpmn.Mex.DataType" mex:MexTag="bpmn.DataObject" Category="BasicType" BasicType="String"><mex:InitialValue type="bpmn.string"><mex:Text><![CDATA[]]></mex:Text></mex:InitialValue></mex:DataType></extensionElements></dataObject><startEvent id="startEvent" name="\\345\\274\\200\\345\\247\\213" clr:typeId="wf.StartActivity"><outgoing>startEvent_ManualActivity1</outgoing></startEvent><userTask id="ManualActivity1" name="\\345\\256\\241\\346\\211\\271\\346\\264\\273\\345\\212\\250" clr:typeId="wf.ManualActivity"><extensionElements><gsp:participantScheme clr:typeId="wf.ParticipantScheme" mex:MexTag="wf.ManualActivity" gsp:Id="scheme01" gsp:Name="\\351\\273\\230\\350\\256\\244\\345\\217\\202\\344\\270\\216\\350\\200\\205\\346\\226\\271\\346\\241\\210" gsp:Performers="taoshunhang,lizhichao,wangjiazhao,caoguiyuan" /><gsp:assignmentStrategy clr:typeId="wf.AssignmentStrategy" mex:MexTag="wf.ManualActivity" gsp:Id="ALL" gsp:Description="Expand groups and assigns work items to all group members" gsp:ExpandGroups="True" /><gsp:executeInput clr:typeId="wf.ExecuteInput" mex:MexTag="wf.ManualActivity" gsp:Id="SPJL" gsp:DisplayName="\\345\\256\\241\\346\\211\\271\\347\\273\\223\\350\\256\\272" gsp:IsNecessary="True" gsp:EnumDisplayControlType="RadioGroup"><EnumValues xmlns=""><mex:EnumValue gsp:Name="\\351\\200\\232\\350\\277\\207" gsp:Value="0" /><mex:EnumValue gsp:Name="\\344\\270\\215\\351\\200\\232\\350\\277\\207" gsp:Value="1" /></EnumValues></gsp:executeInput><gsp:executeInput clr:typeId="wf.ExecuteInput" mex:MexTag="wf.ManualActivity" gsp:Id="SPYJ" gsp:DisplayName="\\345\\256\\241\\346\\211\\271\\346\\204\\217\\350\\247\\201" gsp:IsNecessary="False" gsp:EnumDisplayControlType="Default"><EnumValues xmlns="" /></gsp:executeInput></extensionElements><outgoing>ManualActivity1_DesignateParticipantActivity1</outgoing></userTask><subProcess id="DesignateParticipantActivity1" name="\\345\\244\\215\\345\\220\\210\\346\\264\\273\\345\\212\\250" clr:typeId="wf.DesignateParticipantActivity"><extensionElements><gsp:participantScheme clr:typeId="wf.ParticipantScheme" mex:MexTag="wf.CompositeActivity" gsp:Id="scheme01" gsp:Name="\\351\\273\\230\\350\\256\\244\\345\\217\\202\\344\\270\\216\\350\\200\\205\\346\\226\\271\\346\\241\\210" gsp:Performers="taoshunhang,lizhichao,wangjiazhao,caoguiyuan" /></extensionElements><dataObject id="_A4EY1WTF0" name="DesignateUserList" clr:typeId="bpmn.DataObject" isCollection="true"><extensionElements><mex:DataType clr:typeId="bpmn.Mex.DataType" mex:MexTag="bpmn.DataObject" Category="BasicType" BasicType="String"><mex:Description>\\351\\233\\206\\345\\220\\210\\347\\261\\273\\345\\236\\213</mex:Description></mex:DataType></extensionElements></dataObject><startEvent id="_A4EY1WTF1" clr:typeId="bpmn.StartEvent" /><userTask id="_A4EY1WTF2" name="M1" clr:typeId="wf.ManualActivity"><extensionElements><gsp:participantScheme clr:typeId="wf.ParticipantScheme" mex:MexTag="wf.ManualActivity" gsp:Id="scheme01" gsp:Name="\\351\\273\\230\\350\\256\\244\\345\\217\\202\\344\\270\\216\\350\\200\\205\\346\\226\\271\\346\\241\\210" gsp:Performers="zhoulijie" /><gsp:assignmentStrategy clr:typeId="wf.AssignmentStrategy" mex:MexTag="wf.ManualActivity" gsp:Id="ALL" gsp:Description="Expand groups and assigns work items to all group members" gsp:ExpandGroups="True" /></extensionElements></userTask><userTask id="_A4EY1WTF3" name="M2" clr:typeId="wf.ManualActivity"><extensionElements><gsp:participantScheme clr:typeId="wf.ParticipantScheme" mex:MexTag="wf.ManualActivity" gsp:Id="varScheme" gsp:Name="\\345\\217\\230\\351\\207\\217\\345\\217\\202\\344\\270\\216\\350\\200\\205\\346\\226\\271\\346\\241\\210" gsp:Performers="Var_DesignateUserList" /><gsp:assignmentStrategy clr:typeId="wf.AssignmentStrategy" mex:MexTag="wf.ManualActivity" gsp:Id="ALL" gsp:Description="Expand groups and assigns work items to all group members" gsp:ExpandGroups="True" /><gsp:executeInput clr:typeId="wf.ExecuteInput" mex:MexTag="wf.ManualActivity" gsp:Id="SPJL" gsp:DisplayName="\\345\\256\\241\\346\\211\\271\\347\\273\\223\\350\\256\\272" gsp:IsNecessary="True" gsp:EnumDisplayControlType="RadioGroup"><EnumValues xmlns=""><mex:EnumValue gsp:Name="\\351\\200\\232\\350\\277\\207" gsp:Value="0" /><mex:EnumValue gsp:Name="\\344\\270\\215\\351\\200\\232\\350\\277\\207" gsp:Value="1" /></EnumValues></gsp:executeInput><gsp:executeInput clr:typeId="wf.ExecuteInput" mex:MexTag="wf.ManualActivity" gsp:Id="SPYJ" gsp:DisplayName="\\345\\256\\241\\346\\211\\271\\346\\204\\217\\350\\247\\201" gsp:IsNecessary="False" gsp:EnumDisplayControlType="Default"><EnumValues xmlns="" /></gsp:executeInput></extensionElements></userTask><endEvent id="_A4EY1WTF4" clr:typeId="bpmn.EndEvent" /><sequenceFlow id="_A4EY1WTF5" clr:typeId="bpmn.SequenceFlow" sourceRef="_A4EY1WTF1" targetRef="_A4EY1WTF2" /><sequenceFlow id="_A4EY1WTF6" clr:typeId="bpmn.SequenceFlow" sourceRef="_A4EY1WTF2" targetRef="_A4EY1WTF3" /><sequenceFlow id="_A4EY1WTF7" clr:typeId="bpmn.SequenceFlow" sourceRef="_A4EY1WTF3" targetRef="_A4EY1WTF4" /></subProcess><endEvent id="endEvent" name="\\347\\273\\223\\346\\235\\237" clr:typeId="bpmn.EndEvent"><incoming>DesignateParticipantActivity1_endEvent</incoming></endEvent><sequenceFlow id="startEvent_ManualActivity1" clr:typeId="bpmn.SequenceFlow" sourceRef="startEvent" targetRef="ManualActivity1" /><sequenceFlow id="ManualActivity1_DesignateParticipantActivity1" clr:typeId="bpmn.SequenceFlow" sourceRef="ManualActivity1" targetRef="DesignateParticipantActivity1" /><sequenceFlow id="DesignateParticipantActivity1_endEvent" clr:typeId="bpmn.SequenceFlow" sourceRef="DesignateParticipantActivity1" targetRef="endEvent" /><humanPerformer id="lizhichao" name="\\346\\235\\216\\345\\277\\227\\350\\266\\205" clr:typeId="wf.UserParticipant" gsp:OrgType="Sys" /><humanPerformer id="wangjiazhao" name="\\347\\216\\213\\345\\256\\266\\347\\205\\247" clr:typeId="wf.UserParticipant" gsp:OrgType="Sys" /><humanPerformer id="caoguiyuan" name="\\346\\233\\271\\346\\241\\202\\346\\272\\220" clr:typeId="wf.UserParticipant" gsp:OrgType="Sys" /><humanPerformer id="taoshunhang" name="\\351\\231\\266\\351\\241\\272\\350\\241\\214" clr:typeId="wf.UserParticipant" gsp:OrgType="Sys" /><humanPerformer id="zhoulijie" name="\\345\\221\\250\\347\\253\\213\\346\\235\\260" clr:typeId="wf.UserParticipant" gsp:OrgType="Sys" /><humanPerformer id="Var_DesignateUserList" name="\\346\\214\\207\\345\\256\\232\\345\\217\\202\\344\\270\\216\\350\\200\\205\\345\\217\\230\\351\\207\\217" clr:typeId="wf.UserParticipant" gsp:OrgType="Sys" /></process></definitions>', NULL, NULL, NULL, NULL, NULL, NULL, NULL, NULL, NULL, NULL, NULL, 'lizhichao', '2018-9-11 16:19:23.151882', 'lizhichao', '2018-9-11 16:19:23.152011');
---稽核流程
INSERT INTO "gspwfreprocdef" ("id", "targetnamespace", "key", "version", "name", "description", "suspensionstate", "bytearrayid", "ftag", "f1", "f2", "f3", "f4", "f5", "f6", "f7", "f8", "f9", "f10", "creator", "createdtime", "lastmodifier", "lastmodifiedtime") VALUES ('c0e78c93-5d40-42b5-8e2a-53f8b38a5024', 'wf', 'bizActProcess', 1, '稽核流程', '稽核流程', 1, '143b4b1b-b08a-4649-b0dd-c8ee76889f8d', NULL, NULL, NULL, NULL, NULL, NULL, NULL, NULL, NULL, NULL, NULL, 'lizhichao', '2018-9-11 09:44:31.549858', 'lizhichao', '2018-9-11 09:44:31.55029');
INSERT INTO "gspwfgebytearray" ("id", "remark", "bytes", "ftag", "f1", "f2", "f3", "f4", "f5", "f6", "f7", "f8", "f9", "f10", "creator", "createdtime", "lastmodifier", "lastmodifiedtime") VALUES ('143b4b1b-b08a-4649-b0dd-c8ee76889f8d', 'BpmnModel', E'<?xml version="1.0" encoding="utf-8"?><definitions xmlns:clr="http://www.inspur.com/gsp/bpm/201608//serialize4clr" xmlns:mex="http://www.inspur.com/gsp/bpm/201608/bpmn/model/extend" xmlns:gsp="http://www.inspur.com/gsp/bpm/201608" xmlns:bpmndi="http://www.omg.org/spec/BPMN/20100524/DI" xmlns:omgdc="http://www.omg.org/spec/DD/20100524/DC" xmlns:omgdi="http://www.omg.org/spec/DD/20100524/DI" targetNamespace="wf" gsp:MetadataContentID="MetadataContentID" gsp:MetadataContentCode="MetadataContentCode" gsp:MetadataContentName="MetadataContentName" xmlns="http://www.omg.org/spec/BPMN/20100524/MODEL"><process id="bizActProcess" clr:typeId="bpmn.Process" name="\\347\\250\\275\\346\\240\\270\\346\\265\\201\\347\\250\\213" gsp:Key="bizActProcess"><documentation>\\347\\250\\275\\346\\240\\270\\346\\265\\201\\347\\250\\213</documentation><userTask id="bizActivity1" name="\\347\\250\\275\\346\\240\\270\\346\\264\\273\\345\\212\\250" clr:typeId="wf.UserActivity"><extensionElements><gsp:participantScheme clr:typeId="wf.ParticipantScheme" mex:MexTag="wf.UserActivity" gsp:Id="scheme01" gsp:Name="\\351\\273\\230\\350\\256\\244\\345\\217\\202\\344\\270\\216\\350\\200\\205\\346\\226\\271\\346\\241\\210" gsp:Performers="taoshunhang,lizhichao,wangjiazhao,caoguiyuan" gsp:ExclusionPerformers="taoshunhang" /><gsp:conclusionItem clr:typeId="wf.ConclusionItem" mex:MexTag="wf.UserActivity" gsp:Code="Pass" gsp:DisplayName="\\347\\250\\275\\346\\240\\270\\351\\200\\232\\350\\277\\207" gsp:FlowDirection="Forward" gsp:IsDefault="True" gsp:Enable="True" /><gsp:conclusionItem clr:typeId="wf.ConclusionItem" mex:MexTag="wf.UserActivity" gsp:Code="SendBack" gsp:DisplayName="\\351\\251\\263\\345\\233\\236\\351\\207\\215\\345\\256\\241" gsp:FlowDirection="Forward" gsp:IsDefault="True" gsp:Enable="True" /><gsp:tool clr:typeId="wf.Application" mex:MexTag="wf.UserActivity" gsp:Id="CMP_ProcessComponent" gsp:Name="\\346\\265\\201\\347\\250\\213\\346\\236\\204\\344\\273\\266demo" gsp:Execution="SYNCHRONOUS" gsp:AsyncCallBackType="NO" gsp:Time="ACTIVITY_COMPLETED" gsp:ApplicationType="DotNet" gsp:Assembly="ProcessComponent" gsp:ClassName="ProcessComponent.ProcessComponentDemo" gsp:Method="InsertData"><WFActualParameters xmlns=""><mex:wfActualParameter gsp:DisplayName="\\345\\256\\236\\345\\217\\2021">bizActProcess-2018/9/11 9:44:29</mex:wfActualParameter></WFActualParameters><FormalParameters xmlns=""><mex:formalParameter gsp:Id="parameter1" gsp:Name="\\345\\275\\242\\345\\217\\2021" gsp:index="0" gsp:Code="parameter1" gsp:Mode="IN"><DataType><mex:DataType clr:typeId="bpmn.Mex.DataType" Category="BasicType" BasicType="String"><mex:InitialValue type="bpmn.string"><mex:Text><![CDATA[]]></mex:Text></mex:InitialValue><mex:Description>\\345\\255\\227\\347\\254\\246\\344\\270\\262</mex:Description></mex:DataType></DataType></mex:formalParameter></FormalParameters></gsp:tool></extensionElements></userTask><startEvent id="startEvent" name="\\345\\274\\200\\345\\247\\213" clr:typeId="bpmn.StartEvent"><outgoing>startEvent_bizActivity1</outgoing></startEvent><endEvent id="endEvent" name="\\347\\273\\223\\346\\235\\237" clr:typeId="bpmn.EndEvent"><incoming>bizActivity1_endEvent</incoming></endEvent><sequenceFlow id="startEvent_bizActivity1" clr:typeId="bpmn.SequenceFlow" sourceRef="startEvent" targetRef="bizActivity1" /><sequenceFlow id="bizActivity1_endEvent" clr:typeId="bpmn.SequenceFlow" sourceRef="bizActivity1" targetRef="endEvent" /><humanPerformer id="lizhichao" name="\\346\\235\\216\\345\\277\\227\\350\\266\\205" clr:typeId="wf.UserParticipant" gsp:OrgType="Sys" /><humanPerformer id="wangjiazhao" name="\\347\\216\\213\\345\\256\\266\\347\\205\\247" clr:typeId="wf.UserParticipant" gsp:OrgType="Sys" /><humanPerformer id="caoguiyuan" name="\\346\\233\\271\\346\\241\\202\\346\\272\\220" clr:typeId="wf.UserParticipant" gsp:OrgType="Sys" /><humanPerformer id="taoshunhang" name="\\351\\231\\266\\351\\241\\272\\350\\241\\214" clr:typeId="wf.UserParticipant" gsp:OrgType="Sys" /></process></definitions>', NULL, NULL, NULL, NULL, NULL, NULL, NULL, NULL, NULL, NULL, NULL, 'lizhichao', '2018-9-11 09:44:31.390601', 'lizhichao', '2018-9-11 09:44:31.390798');

---预置入口单据
--DELETE FROM "gspwfflowform";
--INSERT INTO "gspwfflowform" ("id", "code", "name", "datamodelid", "businessobjectid", "creator", "createdtime", "lastmodifier", "lastmodifiedtime") VALUES ('Expense', 'Expense', '差旅费报销单', 'TravelExp_DataModelId', 'Travel', 'lizhichao', '2018-10-19 15:44:39.156811', 'lizhichao', '2018-10-19 15:44:39.157003');
---预置业务活动
--DELETE FROM "gspwfbizactivity" ;
--INSERT INTO "gspwfbizactivity" ("id", "code", "name", "flowformkey", "creator", "createdtime", "lastmodifier", "lastmodifiedtime") VALUES ('Check', 'Check', '稽核', 'Expense', 'lizhichao', '2018-10-19 15:44:39.157425', 'lizhichao', '2018-10-19 15:44:39.157544');
---预置流程分配数据
DELETE FROM "gspwfprocessassignresult";
INSERT INTO "gspwfprocessassignresult" ("id", "procdefkey", "formkey", "dimension1", "dimension2", "creator", "createdtime", "lastmodifier", "lastmodifiedtime") VALUES ('002', 'bizActProcess', 'Expense', '1001', 'Mobile', 'lizhichao', '2018-9-19 09:57:36', 'lizhichao', '2018-9-19 09:57:45');

--预制任务分类
delete from gspwftaskcategory;
INSERT INTO "gspwftaskcategory" ("id", "code", "name_chs", "name_en", "parentid", "sortid", "creator", "createdtime", "lastmodifier", "lastmodifiedtime") VALUES ('travel00010001', 'aasddas', '差旅费审批', NULL, 'travel0001', '0', 'wangjiazhao', '2018-09-08 10:40:24.953344', 'wangjiazhao', '2018-09-08 10:40:24.953527');
INSERT INTO "gspwftaskcategory" ("id", "code", "name_chs", "name_en", "parentid", "sortid", "creator", "createdtime", "lastmodifier", "lastmodifiedtime") VALUES ('travel0001', 'aasddas', '差旅费', NULL, 'travel0001', '0', 'wangjiazhao', '2018-09-08 10:40:51.559216', 'wangjiazhao', '2018-09-08 10:40:51.559232');
INSERT INTO "gspwftaskcategory" ("id", "code", "name_chs", "name_en", "parentid", "sortid", "creator", "createdtime", "lastmodifier", "lastmodifiedtime") VALUES ('travel00010002', 'travel0002', '差旅费稽核', NULL, 'travel0001', '2', 'wangjiazhao', '2018-09-12 16:58:21.293464', 'wangjiazhao', '2018-09-12 16:58:21.29368');
--预制扩展列信息
delete from gspwftaskfield;
INSERT INTO "gspwftaskfield" ("id", "code", "title", "fieldtype", "width", "targetcode", "visiable", "sortorder", "isgroup", "isextend", "categoryid") VALUES ('1231as11222d223123', 'Owner', 'Owner', '1', '100', 'Owner', 'f', '-2', 'f', 'f', 'travel00010002');
INSERT INTO "gspwftaskfield" ("id", "code", "title", "fieldtype", "width", "targetcode", "visiable", "sortorder", "isgroup", "isextend", "categoryid") VALUES ('1231asd2asd312331', 'Id', 'Id', '1', '100', 'Id', 'f', '-1', 'f', 'f', 'travel00010002');
INSERT INTO "gspwftaskfield" ("id", "code", "title", "fieldtype", "width", "targetcode", "visiable", "sortorder", "isgroup", "isextend", "categoryid") VALUES ('zcxzasd123c1312', 'Name', '活动名称', '1', '100', 'Name', 't', '1', 'f', 'f', 'travel00010002');
INSERT INTO "gspwftaskfield" ("id", "code", "title", "fieldtype", "width", "targetcode", "visiable", "sortorder", "isgroup", "isextend", "categoryid") VALUES ('123a123d12asd', 'StartTime', '开始时间', '2', '100', 'StartTime', 't', '2', 'f', 'f', 'travel00010002');
INSERT INTO "gspwftaskfield" ("id", "code", "title", "fieldtype", "width", "targetcode", "visiable", "sortorder", "isgroup", "isextend", "categoryid") VALUES ('sadad1212asd1e4fsdf', 'Description', '描述', '1', '100', 'Description', 't', '3', 'f', 'f', 'travel00010002');
INSERT INTO "gspwftaskfield" ("id", "code", "title", "fieldtype", "width", "targetcode", "visiable", "sortorder", "isgroup", "isextend", "categoryid") VALUES ('12123asd3112122323', 'Creator', '发起人', '1', '100', 'Creator', 't', '4', 'f', 'f', 'travel00010002');
INSERT INTO "gspwftaskfield" ("id", "code", "title", "fieldtype", "width", "targetcode", "visiable", "sortorder", "isgroup", "isextend", "categoryid") VALUES ('ot6qDY2Ke0mCB5D1n0sMkw', 'RO_DJBH', '单据编号', '1', '100', 'FStr1', 't', '4', 'f', 't', 'travel00010002');
INSERT INTO "gspwftaskfield" ("id", "code", "title", "fieldtype", "width", "targetcode", "visiable", "sortorder", "isgroup", "isextend", "categoryid") VALUES ('53ZXqrcQE0iYPsB8ABk0WQ', 'RO_ZY', '摘要', '1', '100', 'FStr2', 't', '5', 'f', 't', 'travel00010002');
INSERT INTO "gspwftaskfield" ("id", "code", "title", "fieldtype", "width", "targetcode", "visiable", "sortorder", "isgroup", "isextend", "categoryid") VALUES ('12312323', 'Creator', '发起人', '1', '100', 'Creator', 't', '4', 'f', 'f', 'travel00010001');
INSERT INTO "gspwftaskfield" ("id", "code", "title", "fieldtype", "width", "targetcode", "visiable", "sortorder", "isgroup", "isextend", "categoryid") VALUES ('1231asd223123', 'Owner', 'Owner', '1', '100', 'Owner', 'f', '-2', 'f', 'f', 'travel00010001');
INSERT INTO "gspwftaskfield" ("id", "code", "title", "fieldtype", "width", "targetcode", "visiable", "sortorder", "isgroup", "isextend", "categoryid") VALUES ('1231asd2312331', 'Id', 'Id', '1', '100', 'Id', 'f', '-1', 'f', 'f', 'travel00010001');
INSERT INTO "gspwftaskfield" ("id", "code", "title", "fieldtype", "width", "targetcode", "visiable", "sortorder", "isgroup", "isextend", "categoryid") VALUES ('123adasd', 'StartTime', '开始时间', '2', '100', 'StartTime', 't', '1', 'f', 'f', 'travel00010001');
INSERT INTO "gspwftaskfield" ("id", "code", "title", "fieldtype", "width", "targetcode", "visiable", "sortorder", "isgroup", "isextend", "categoryid") VALUES ('sadad12e4fsdf', 'Description', '描述', '1', '100', 'Description', 't', '3', 'f', 'f', 'travel00010001');
INSERT INTO "gspwftaskfield" ("id", "code", "title", "fieldtype", "width", "targetcode", "visiable", "sortorder", "isgroup", "isextend", "categoryid") VALUES ('zcxzc1312', 'Name', '活动名称', '1', '100', 'Name', 't', '2', 'f', 'f', 'travel00010001');
INSERT INTO "gspwftaskfield" ("id", "code", "title", "fieldtype", "width", "targetcode", "visiable", "sortorder", "isgroup", "isextend", "categoryid") VALUES ('WsIPKq3-jk6Ln8MUHy_WnA', 'RO_DJBH', '单据编号', '1', '100', 'FStr1', 't', '4', 'f', 't', 'travel00010001');

--预制任务动作扩展
delete from GSPWFTASKACTION;
INSERT into GSPWFTASKACTION(id,path,categoryid) VALUES('task00010001','/platform/runtime/wf/web/wf-toolbar.module#./src/app/modules/wf-toolbar/wf-toolbar.module.js#WfToolbarModule','travel00010001');

--**********************************************************************************
                             --WF预制测试数据
--**********************************************************************************



